"Module","Lesson","Content"
"Orientation and Course Resources","Course Welcome and Expectations","<h2>Welcome to Introduction to Nursing</h2>
<p>A six-week introduction to nursing course for practical nursing students. The course uses the exported chapter sequence from the LMS build and organizes Chapters 1-6 into one chapter per week. Students review weekly chapter lessons, PowerPoint summaries, multiple-choice quizzes, practical nursing activities, and a comprehensive final exam.</p>
<h3>Course details</h3>
<ul><li>Course code: PN 102</li><li>Length: 6 weeks</li><li>Credits: 3</li><li>Contact hours: 48</li><li>Delivery: Online / LMS</li><li>Weekly structure: chapter lesson, PowerPoint review, quiz, and learning activity</li></ul>
<h3>Course objectives</h3>
<ul><li>Describe the identity, purpose, responsibilities, and limits of the practical nurse role.</li><li>Explain major historical influences on nursing education, reform, and public trust.</li><li>Apply caring, comfort, safety, advocacy, and healing principles to beginning nursing scenarios.</li><li>Use basic communication, delegation, teamwork, and scope-of-practice concepts in patient care.</li><li>Recognize ethical responsibilities related to confidentiality, boundaries, patient rights, and professional conduct.</li><li>Identify legal foundations for documentation, privacy, accountability, and safe practical nursing practice.</li></ul>"
"Orientation and Course Resources","How This Course Builds a Practical Nurse","<h2>How This Course Builds a Practical Nurse</h2>
<p>This course introduces the professional habits students will use throughout the practical nursing program: preparation, communication, safety, accountability, ethics, and respect for patient rights.</p>
<p>Students should complete each weekly chapter in order. Each quiz checks readiness before moving to the next week.</p>"
"Week 1: Nursing Identity, Purpose, and the Practical Nurse Role","[PN102 2026] Chapter 1: Nursing Identity, Purpose, and the Practical Nurse Role","<h2>Chapter 1: Nursing Identity, Purpose, and the Practical Nurse Role</h2>
<p>Students begin by defining what practical nursing is, how the practical nurse contributes to safe care, and why professional habits must begin on the first day of training.</p>
<h3>Required reading</h3>
<p>Read Chapter 1 before class. Pay close attention to definitions of nursing, professional identity, the practical nurse role, student responsibilities, and examples of safe beginning practice.</p>
<h3>Learning objectives</h3>
<ul><li>Define nursing as a profession focused on safe, compassionate, evidence-informed care.</li><li>Describe how the practical nurse role supports patients, families, registered nurses, and the health care team.</li><li>Identify student behaviors that demonstrate readiness, accountability, punctuality, and respect.</li><li>Explain why scope of practice and supervision protect both the patient and the student nurse.</li></ul>
<h3>Key topics</h3>
<ul><li>Purpose of nursing</li><li>Practical nurse responsibilities</li><li>Professional appearance and communication</li><li>Student conduct and readiness</li><li>Asking for help before performing unfamiliar care</li></ul>
<h3>Learning activities</h3>
<ul><li>Write a short professional identity statement.</li><li>Discuss how attendance, preparation, and organization affect patient safety.</li><li>Review three scenarios and identify whether the student should proceed, ask for help, or stop.</li></ul>
<h3>Before moving on</h3>
<p>Review your chapter notes, complete the PowerPoint review, and take the weekly quiz. Bring questions to the instructor before the next course meeting.</p>"
"Week 1: Nursing Identity, Purpose, and the Practical Nurse Role","[PN102 2026] Chapter 1 PowerPoint Review","<h2>Chapter 1 PowerPoint Review</h2>
<p>This item represents the weekly PowerPoint that should be uploaded or attached for instructor/student use.</p>
<p><strong>File name:</strong> PN102_Ch01_Nursing_Identity_and_Practical_Nurse_Role.pptx</p>
<h3>Slide outline</h3>
<ul><li>What is nursing?</li><li>The practical nurse role</li><li>Professional identity in training</li><li>Scope, supervision, and safety</li><li>Readiness checklist for class and clinical</li></ul>
<p>Instructor note: keep the PowerPoint aligned with Chapter 1, then attach the actual slide file when available.</p>"
"Week 1: Nursing Identity, Purpose, and the Practical Nurse Role","[PN102 2026] Quiz 1 - Chapter 1","<h2>Chapter 1 Quiz</h2>
<p><strong>Due:</strong> Jul 7, 2026 by 11:59 PM. <strong>Points:</strong> 10.</p>
<div class=""quiz-instructions"">
<h3>Instructions before you begin</h3>
<ul><li>Review the chapter lesson and PowerPoint before opening the quiz.</li><li>This quiz contains multiple-choice questions only.</li><li>Choose the best answer for each question.</li><li>Submit the quiz before the due date listed above.</li><li>Contact your instructor before the deadline if you have a technical issue.</li></ul>
<button type=""button"" class=""quiz-start-button"">Start Quiz</button>
</div>
<h3>Questions</h3>

          <section class=""quiz-question"">
            <h4>1. Which statement best describes the practical nurse role?</h4>
            <ol type=""A"">
              <li>Provide safe basic nursing care under the direction required by law and policy.</li><li>Practice independently without supervision.</li><li>Diagnose patient conditions and prescribe treatment.</li><li>Complete only clerical tasks and avoid patient care.</li>
            </ol>
          </section>

          <section class=""quiz-question"">
            <h4>2. Why are attendance, preparation, and organization important in nursing school?</h4>
            <ol type=""A"">
              <li>They are only school preferences.</li><li>They protect patient safety and professional readiness.</li><li>They replace the need to study.</li><li>They only matter during graduation week.</li>
            </ol>
          </section>

          <section class=""quiz-question"">
            <h4>3. What is one lesson associated with Florence Nightingale's influence on nursing?</h4>
            <ol type=""A"">
              <li>Using observation, sanitation, and data to improve care.</li><li>Avoiding patient assessment.</li><li>Keeping health care work informal.</li><li>Replacing teamwork with individual decision making.</li>
            </ol>
          </section>

          <section class=""quiz-question"">
            <h4>4. When should a practical nursing student ask for help?</h4>
            <ol type=""A"">
              <li>Only after an error occurs.</li><li>When a task is outside student preparation or permission.</li><li>Only if another student asks first.</li><li>Never, because asking questions is unprofessional.</li>
            </ol>
          </section>

          <section class=""quiz-question"">
            <h4>5. Professional identity begins with which behavior?</h4>
            <ol type=""A"">
              <li>Accountability, respectful communication, and readiness to learn.</li><li>Ignoring feedback.</li><li>Arriving late if the assignment is online.</li><li>Avoiding patient interaction.</li>
            </ol>
          </section>"
"Week 2: Nursing History, Reform, Education, and Public Trust","[PN102 2026] Chapter 2: Nursing History, Reform, Education, and Public Trust","<h2>Chapter 2: Nursing History, Reform, Education, and Public Trust</h2>
<p>Students connect nursing history to present-day expectations for education, ethics, public trust, and safe entry-level practice.</p>
<h3>Required reading</h3>
<p>Read Chapter 2 and identify nursing leaders, reform movements, changes in nursing education, and the reasons the public expects nurses to act with honesty and competence.</p>
<h3>Learning objectives</h3>
<ul><li>Identify selected nursing leaders and explain how their work influenced modern nursing.</li><li>Describe how nursing education changed from informal training to structured programs.</li><li>Explain how public trust is built through competence, ethics, and patient-centered care.</li><li>Connect past health care reform to current expectations for safe practical nursing.</li></ul>
<h3>Key topics</h3>
<ul><li>Nursing leaders and reformers</li><li>Growth of nursing education</li><li>Public trust in nursing</li><li>Health care reform</li><li>Professional standards over time</li></ul>
<h3>Learning activities</h3>
<ul><li>Create a short timeline of nursing history.</li><li>Choose one nursing leader and explain one contribution to patient care.</li><li>Discuss how public trust can be damaged and restored in health care.</li></ul>
<h3>Before moving on</h3>
<p>Review your chapter notes, complete the PowerPoint review, and take the weekly quiz. Bring questions to the instructor before the next course meeting.</p>"
"Week 2: Nursing History, Reform, Education, and Public Trust","[PN102 2026] Chapter 2 PowerPoint Review","<h2>Chapter 2 PowerPoint Review</h2>
<p>This item represents the weekly PowerPoint that should be uploaded or attached for instructor/student use.</p>
<p><strong>File name:</strong> PN102_Ch02_Nursing_History_Reform_and_Public_Trust.pptx</p>
<h3>Slide outline</h3>
<ul><li>Early nursing and reform</li><li>Nursing leaders</li><li>Education and standards</li><li>Public trust</li><li>Lessons for practical nursing students</li></ul>
<p>Instructor note: keep the PowerPoint aligned with Chapter 2, then attach the actual slide file when available.</p>"
"Week 2: Nursing History, Reform, Education, and Public Trust","[PN102 2026] Quiz 2 - Chapter 2","<h2>Chapter 2 Quiz</h2>
<p><strong>Due:</strong> Jul 14, 2026 by 11:59 PM. <strong>Points:</strong> 10.</p>
<div class=""quiz-instructions"">
<h3>Instructions before you begin</h3>
<ul><li>Review the chapter lesson and PowerPoint before opening the quiz.</li><li>This quiz contains multiple-choice questions only.</li><li>Choose the best answer for each question.</li><li>Submit the quiz before the due date listed above.</li><li>Contact your instructor before the deadline if you have a technical issue.</li></ul>
<button type=""button"" class=""quiz-start-button"">Start Quiz</button>
</div>
<h3>Questions</h3>

          <section class=""quiz-question"">
            <h4>1. Public trust in nursing is most strongly supported by which behavior?</h4>
            <ol type=""A"">
              <li>Competence, honesty, confidentiality, and respectful care.</li><li>Sharing patient stories online.</li><li>Avoiding documentation.</li><li>Completing tasks without asking questions.</li>
            </ol>
          </section>

          <section class=""quiz-question"">
            <h4>2. Mary Eliza Mahoney is recognized for which contribution?</h4>
            <ol type=""A"">
              <li>First professionally trained Black nurse in the United States.</li><li>Inventing the stethoscope.</li><li>Creating the first ambulance service.</li><li>Writing the first medication order system.</li>
            </ol>
          </section>

          <section class=""quiz-question"">
            <h4>3. Why did nursing education become more structured over time?</h4>
            <ol type=""A"">
              <li>To create formal standards for safe practice.</li><li>To remove science from nursing.</li><li>To make patient care less consistent.</li><li>To reduce the need for supervision.</li>
            </ol>
          </section>

          <section class=""quiz-question"">
            <h4>4. A reform-minded nurse should do what when unsafe conditions are identified?</h4>
            <ol type=""A"">
              <li>Ignore the issue if the shift is busy.</li><li>Identify unsafe conditions and advocate through the proper chain of command.</li><li>Tell only classmates.</li><li>Post the concern publicly before reporting it.</li>
            </ol>
          </section>

          <section class=""quiz-question"">
            <h4>5. Which action best protects the public's trust in the nursing profession?</h4>
            <ol type=""A"">
              <li>Follow policy and report concerns appropriately.</li><li>Guess when unsure.</li><li>Skip assigned learning activities.</li><li>Discuss patient information with friends.</li>
            </ol>
          </section>"
"Week 3: Caring, Comfort, Safety, Advocacy, and Healing","[PN102 2026] Chapter 3: Caring, Comfort, Safety, Advocacy, and Healing","<h2>Chapter 3: Caring, Comfort, Safety, Advocacy, and Healing</h2>
<p>Students practice seeing the patient as a whole person and learn how caring behaviors support comfort, safety, healing, and trust.</p>
<h3>Required reading</h3>
<p>Read Chapter 3 and note examples of caring communication, comfort measures, safety awareness, advocacy, and patient-centered healing.</p>
<h3>Learning objectives</h3>
<ul><li>Describe caring behaviors that support dignity and trust.</li><li>Identify basic comfort measures appropriate for beginning practical nursing students.</li><li>Explain how safety and advocacy are connected in patient care.</li><li>Apply patient-centered thinking to common classroom and clinical scenarios.</li></ul>
<h3>Key topics</h3>
<ul><li>Caring and therapeutic presence</li><li>Comfort and dignity</li><li>Safety basics</li><li>Advocacy for patient concerns</li><li>Healing and whole-person care</li></ul>
<h3>Learning activities</h3>
<ul><li>Role-play a patient who is anxious before a procedure.</li><li>Identify safety risks in a patient room scenario.</li><li>Write one advocacy statement a student nurse could use when reporting a concern.</li></ul>
<h3>Before moving on</h3>
<p>Review your chapter notes, complete the PowerPoint review, and take the weekly quiz. Bring questions to the instructor before the next course meeting.</p>"
"Week 3: Caring, Comfort, Safety, Advocacy, and Healing","[PN102 2026] Chapter 3 PowerPoint Review","<h2>Chapter 3 PowerPoint Review</h2>
<p>This item represents the weekly PowerPoint that should be uploaded or attached for instructor/student use.</p>
<p><strong>File name:</strong> PN102_Ch03_Caring_Comfort_Safety_Advocacy_and_Healing.pptx</p>
<h3>Slide outline</h3>
<ul><li>Caring as professional action</li><li>Comfort measures</li><li>Safety and risk awareness</li><li>Patient advocacy</li><li>Healing and dignity</li></ul>
<p>Instructor note: keep the PowerPoint aligned with Chapter 3, then attach the actual slide file when available.</p>"
"Week 3: Caring, Comfort, Safety, Advocacy, and Healing","[PN102 2026] Quiz 3 - Chapter 3","<h2>Chapter 3 Quiz</h2>
<p><strong>Due:</strong> Jul 21, 2026 by 11:59 PM. <strong>Points:</strong> 10.</p>
<div class=""quiz-instructions"">
<h3>Instructions before you begin</h3>
<ul><li>Review the chapter lesson and PowerPoint before opening the quiz.</li><li>This quiz contains multiple-choice questions only.</li><li>Choose the best answer for each question.</li><li>Submit the quiz before the due date listed above.</li><li>Contact your instructor before the deadline if you have a technical issue.</li></ul>
<button type=""button"" class=""quiz-start-button"">Start Quiz</button>
</div>
<h3>Questions</h3>

          <section class=""quiz-question"">
            <h4>1. Which action best demonstrates caring in nursing?</h4>
            <ol type=""A"">
              <li>Respect, comfort, listening, and protecting dignity.</li><li>Completing tasks without speaking to the patient.</li><li>Ignoring emotional needs.</li><li>Using medical words the patient does not understand.</li>
            </ol>
          </section>

          <section class=""quiz-question"">
            <h4>2. A patient is anxious and asks what will happen next. What is the best student response?</h4>
            <ol type=""A"">
              <li>Tell the patient not to worry and leave.</li><li>Use calm communication and explain what you are allowed to explain.</li><li>Tell the patient to ask another student.</li><li>Ignore the question because it is not physical care.</li>
            </ol>
          </section>

          <section class=""quiz-question"">
            <h4>3. Which example shows patient advocacy?</h4>
            <ol type=""A"">
              <li>Reporting a patient concern promptly to the instructor or nurse.</li><li>Keeping concerns private to avoid bothering staff.</li><li>Changing a care plan alone.</li><li>Promising a result the student cannot control.</li>
            </ol>
          </section>

          <section class=""quiz-question"">
            <h4>4. Which is an appropriate basic comfort measure?</h4>
            <ol type=""A"">
              <li>Repositioning, privacy, and reporting pain concerns.</li><li>Ignoring pain because medication is not due.</li><li>Discussing another patient's condition.</li><li>Removing safety equipment without permission.</li>
            </ol>
          </section>

          <section class=""quiz-question"">
            <h4>5. Whole-person care means the nurse considers which needs?</h4>
            <ol type=""A"">
              <li>Only the diagnosis.</li><li>Physical, emotional, cultural, safety, and learning needs.</li><li>Only the vital signs.</li><li>Only the tasks assigned on the checklist.</li>
            </ol>
          </section>"
"Week 4: Health Care Team, Scope, Delegation, Collaboration, and Communication","[PN102 2026] Chapter 4: Health Care Team, Scope, Delegation, Collaboration, and Communication","<h2>Chapter 4: Health Care Team, Scope, Delegation, Collaboration, and Communication</h2>
<p>Students learn how practical nurses communicate within the health care team, recognize scope limits, and participate in safe delegation and collaboration.</p>
<h3>Required reading</h3>
<p>Read Chapter 4 and focus on the health care team, SBAR, delegation principles, scope of practice, supervision, and conflict prevention.</p>
<h3>Learning objectives</h3>
<ul><li>Identify members of the health care team and describe the practical nurse's contribution.</li><li>Use SBAR to organize basic patient information.</li><li>Explain the difference between assignment, delegation, and supervision.</li><li>Recognize when a task or decision is outside practical nursing student scope.</li></ul>
<h3>Key topics</h3>
<ul><li>Health care team roles</li><li>SBAR communication</li><li>Scope of practice</li><li>Delegation and supervision</li><li>Closed-loop communication</li></ul>
<h3>Learning activities</h3>
<ul><li>Write an SBAR report from a short patient scenario.</li><li>Sort example tasks into appropriate, ask first, or not appropriate for a student.</li><li>Practice closed-loop communication for a patient safety concern.</li></ul>
<h3>Before moving on</h3>
<p>Review your chapter notes, complete the PowerPoint review, and take the weekly quiz. Bring questions to the instructor before the next course meeting.</p>"
"Week 4: Health Care Team, Scope, Delegation, Collaboration, and Communication","[PN102 2026] Chapter 4 PowerPoint Review","<h2>Chapter 4 PowerPoint Review</h2>
<p>This item represents the weekly PowerPoint that should be uploaded or attached for instructor/student use.</p>
<p><strong>File name:</strong> PN102_Ch04_Health_Care_Team_Scope_Delegation_and_Communication.pptx</p>
<h3>Slide outline</h3>
<ul><li>The health care team</li><li>Practical nurse collaboration</li><li>SBAR report structure</li><li>Delegation safety</li><li>Scope and supervision</li></ul>
<p>Instructor note: keep the PowerPoint aligned with Chapter 4, then attach the actual slide file when available.</p>"
"Week 4: Health Care Team, Scope, Delegation, Collaboration, and Communication","[PN102 2026] Quiz 4 - Chapter 4","<h2>Chapter 4 Quiz</h2>
<p><strong>Due:</strong> Jul 28, 2026 by 11:59 PM. <strong>Points:</strong> 10.</p>
<div class=""quiz-instructions"">
<h3>Instructions before you begin</h3>
<ul><li>Review the chapter lesson and PowerPoint before opening the quiz.</li><li>This quiz contains multiple-choice questions only.</li><li>Choose the best answer for each question.</li><li>Submit the quiz before the due date listed above.</li><li>Contact your instructor before the deadline if you have a technical issue.</li></ul>
<button type=""button"" class=""quiz-start-button"">Start Quiz</button>
</div>
<h3>Questions</h3>

          <section class=""quiz-question"">
            <h4>1. What is the purpose of SBAR?</h4>
            <ol type=""A"">
              <li>To organize important patient information clearly.</li><li>To replace documentation.</li><li>To avoid speaking with the nurse.</li><li>To decide medication orders.</li>
            </ol>
          </section>

          <section class=""quiz-question"">
            <h4>2. Safe delegation includes which principle?</h4>
            <ol type=""A"">
              <li>Appropriate task, competent person, clear direction, and supervision.</li><li>Giving any task to anyone available.</li><li>Avoiding follow-up.</li><li>Delegating tasks outside legal scope.</li>
            </ol>
          </section>

          <section class=""quiz-question"">
            <h4>3. Why is scope of practice important?</h4>
            <ol type=""A"">
              <li>It protects the patient, nurse, student, and facility.</li><li>It allows students to do any task.</li><li>It only applies after graduation.</li><li>It removes the need for supervision.</li>
            </ol>
          </section>

          <section class=""quiz-question"">
            <h4>4. Closed-loop communication means the receiver should:</h4>
            <ol type=""A"">
              <li>Repeat back and confirm the message.</li><li>Ignore unclear instructions.</li><li>Assume the sender knows the task is done.</li><li>Avoid asking questions.</li>
            </ol>
          </section>

          <section class=""quiz-question"">
            <h4>5. How does a practical nurse collaborate with an RN?</h4>
            <ol type=""A"">
              <li>By reporting patient changes and completing assigned care within scope.</li><li>By independently changing the medical plan.</li><li>By diagnosing the patient.</li><li>By avoiding communication during busy shifts.</li>
            </ol>
          </section>"
"Week 5: Ethics in Nursing, Boundaries, Confidentiality, and Patient Rights","[PN102 2026] Chapter 5: Ethics in Nursing, Boundaries, Confidentiality, and Patient Rights","<h2>Chapter 5: Ethics in Nursing, Boundaries, Confidentiality, and Patient Rights</h2>
<p>Students apply ethical decision-making to confidentiality, professional boundaries, patient rights, privacy, and respectful care.</p>
<h3>Required reading</h3>
<p>Read Chapter 5 and highlight examples of ethical conduct, confidentiality, informed consent, patient rights, boundaries, and social media risks.</p>
<h3>Learning objectives</h3>
<ul><li>Define confidentiality and explain why it is required in all care settings.</li><li>Identify professional boundary concerns and appropriate responses.</li><li>Describe basic patient rights related to dignity, privacy, information, and choice.</li><li>Apply ethical thinking to common beginning nursing scenarios.</li></ul>
<h3>Key topics</h3>
<ul><li>Ethical principles</li><li>Confidentiality and privacy</li><li>Patient rights</li><li>Professional boundaries</li><li>Social media and patient information</li></ul>
<h3>Learning activities</h3>
<ul><li>Review confidentiality scenarios and choose the safest response.</li><li>Identify boundary crossings in short examples.</li><li>Write an ethical response to a patient rights concern.</li></ul>
<h3>Before moving on</h3>
<p>Review your chapter notes, complete the PowerPoint review, and take the weekly quiz. Bring questions to the instructor before the next course meeting.</p>"
"Week 5: Ethics in Nursing, Boundaries, Confidentiality, and Patient Rights","[PN102 2026] Chapter 5 PowerPoint Review","<h2>Chapter 5 PowerPoint Review</h2>
<p>This item represents the weekly PowerPoint that should be uploaded or attached for instructor/student use.</p>
<p><strong>File name:</strong> PN102_Ch05_Ethics_Boundaries_Confidentiality_and_Patient_Rights.pptx</p>
<h3>Slide outline</h3>
<ul><li>Ethics in practical nursing</li><li>Patient rights</li><li>Confidentiality</li><li>Professional boundaries</li><li>Social media safety</li></ul>
<p>Instructor note: keep the PowerPoint aligned with Chapter 5, then attach the actual slide file when available.</p>"
"Week 5: Ethics in Nursing, Boundaries, Confidentiality, and Patient Rights","[PN102 2026] Quiz 5 - Chapter 5","<h2>Chapter 5 Quiz</h2>
<p><strong>Due:</strong> Aug 4, 2026 by 11:59 PM. <strong>Points:</strong> 10.</p>
<div class=""quiz-instructions"">
<h3>Instructions before you begin</h3>
<ul><li>Review the chapter lesson and PowerPoint before opening the quiz.</li><li>This quiz contains multiple-choice questions only.</li><li>Choose the best answer for each question.</li><li>Submit the quiz before the due date listed above.</li><li>Contact your instructor before the deadline if you have a technical issue.</li></ul>
<button type=""button"" class=""quiz-start-button"">Start Quiz</button>
</div>
<h3>Questions</h3>

          <section class=""quiz-question"">
            <h4>1. What does confidentiality require?</h4>
            <ol type=""A"">
              <li>Sharing only with authorized people for patient care.</li><li>Discussing patient stories without names.</li><li>Posting patient situations online if no photo is used.</li><li>Telling family members anything they request.</li>
            </ol>
          </section>

          <section class=""quiz-question"">
            <h4>2. Which social media action is safest?</h4>
            <ol type=""A"">
              <li>Never post patient information, images, or care details.</li><li>Post only if the patient's name is removed.</li><li>Post if the patient is interesting.</li><li>Post if the account is private.</li>
            </ol>
          </section>

          <section class=""quiz-question"">
            <h4>3. Patient autonomy means the patient has the right to:</h4>
            <ol type=""A"">
              <li>Make informed choices about care when able.</li><li>Control every staff assignment.</li><li>Ignore all safety rules.</li><li>Receive only the care family members choose.</li>
            </ol>
          </section>

          <section class=""quiz-question"">
            <h4>4. Which situation may be a professional boundary concern?</h4>
            <ol type=""A"">
              <li>Accepting expensive personal gifts from a patient.</li><li>Introducing yourself before care.</li><li>Explaining what you are doing.</li><li>Reporting patient pain.</li>
            </ol>
          </section>

          <section class=""quiz-question"">
            <h4>5. If a student sees unsafe or unethical care, the best action is to:</h4>
            <ol type=""A"">
              <li>Stop, protect the patient if needed, report to the instructor or nurse, and follow policy.</li><li>Ignore it to avoid conflict.</li><li>Post online for advice.</li><li>Confront the patient.</li>
            </ol>
          </section>"
"Week 6: Legal Foundations, Scope of Practice, Documentation, Privacy, and Accountability","[PN102 2026] Chapter 6: Legal Foundations, Scope of Practice, Documentation, Privacy, and Accountability","<h2>Chapter 6: Legal Foundations, Scope of Practice, Documentation, Privacy, and Accountability</h2>
<p>Students connect legal foundations to daily practical nursing responsibilities, including privacy, documentation, incident reporting, and accountability.</p>
<h3>Required reading</h3>
<p>Read Chapter 6 and review scope of practice, nurse practice acts, documentation standards, HIPAA, negligence, incident reporting, and accountability.</p>
<h3>Learning objectives</h3>
<ul><li>Identify legal sources that guide practical nursing practice.</li><li>Describe accurate, timely, objective, and complete documentation.</li><li>Explain privacy requirements and basic HIPAA responsibilities.</li><li>Recognize accountability in reporting, documentation, and safe care.</li></ul>
<h3>Key topics</h3>
<ul><li>Nurse practice act and rules</li><li>Documentation principles</li><li>HIPAA and privacy</li><li>Negligence and accountability</li><li>Incident reporting</li></ul>
<h3>Learning activities</h3>
<ul><li>Convert subjective statements into objective documentation.</li><li>Identify protected health information in examples.</li><li>Practice reporting a change in patient condition using SBAR.</li></ul>
<h3>Before moving on</h3>
<p>Review your chapter notes, complete the PowerPoint review, and take the weekly quiz. Bring questions to the instructor before the next course meeting.</p>"
"Week 6: Legal Foundations, Scope of Practice, Documentation, Privacy, and Accountability","[PN102 2026] Chapter 6 PowerPoint Review","<h2>Chapter 6 PowerPoint Review</h2>
<p>This item represents the weekly PowerPoint that should be uploaded or attached for instructor/student use.</p>
<p><strong>File name:</strong> PN102_Ch06_Legal_Foundations_Scope_Documentation_and_Accountability.pptx</p>
<h3>Slide outline</h3>
<ul><li>Legal foundations of practical nursing</li><li>Documentation standards</li><li>Privacy and HIPAA</li><li>Negligence prevention</li><li>Accountability and incident reporting</li></ul>
<p>Instructor note: keep the PowerPoint aligned with Chapter 6, then attach the actual slide file when available.</p>"
"Week 6: Legal Foundations, Scope of Practice, Documentation, Privacy, and Accountability","[PN102 2026] Quiz 6 - Chapter 6","<h2>Chapter 6 Quiz</h2>
<p><strong>Due:</strong> Aug 11, 2026 by 11:59 PM. <strong>Points:</strong> 10.</p>
<div class=""quiz-instructions"">
<h3>Instructions before you begin</h3>
<ul><li>Review the chapter lesson and PowerPoint before opening the quiz.</li><li>This quiz contains multiple-choice questions only.</li><li>Choose the best answer for each question.</li><li>Submit the quiz before the due date listed above.</li><li>Contact your instructor before the deadline if you have a technical issue.</li></ul>
<button type=""button"" class=""quiz-start-button"">Start Quiz</button>
</div>
<h3>Questions</h3>

          <section class=""quiz-question"">
            <h4>1. Good nursing documentation should be:</h4>
            <ol type=""A"">
              <li>Timely, factual, objective, and complete.</li><li>Based on opinions and memory only.</li><li>Entered at the end of the month.</li><li>Written only when something goes wrong.</li>
            </ol>
          </section>

          <section class=""quiz-question"">
            <h4>2. HIPAA protects:</h4>
            <ol type=""A"">
              <li>Protected health information.</li><li>Only staff schedules.</li><li>Only supply lists.</li><li>Only public health flyers.</li>
            </ol>
          </section>

          <section class=""quiz-question"">
            <h4>3. Which action could be considered negligent?</h4>
            <ol type=""A"">
              <li>Failing to report a serious change in patient condition.</li><li>Asking the instructor before an unfamiliar task.</li><li>Documenting objective facts.</li><li>Following facility policy.</li>
            </ol>
          </section>

          <section class=""quiz-question"">
            <h4>4. Scope of practice is guided by:</h4>
            <ol type=""A"">
              <li>The nurse practice act, board rules, school policy, and facility policy.</li><li>Classmate opinion.</li><li>Social media examples.</li><li>Only personal preference.</li>
            </ol>
          </section>

          <section class=""quiz-question"">
            <h4>5. The purpose of an incident report is to:</h4>
            <ol type=""A"">
              <li>Document facts for safety review and follow-up.</li><li>Blame one person publicly.</li><li>Replace the medical record.</li><li>Avoid telling the instructor.</li>
            </ol>
          </section>"
"Final Exam and Course Wrap-Up","[PN102 2026] Final Exam - Introduction to Nursing Chapters 1-6","<h2>Introduction to Nursing Final Exam</h2>
<p>This final exam covers Chapters 1-6 and measures beginning understanding of practical nursing identity, history, caring, teamwork, ethics, legal responsibilities, documentation, and privacy.</p>
<div class=""quiz-instructions"">
<h3>Instructions before you begin</h3>
<ul><li>Review all six weekly lessons and PowerPoints before starting.</li><li>The final exam is multiple choice only.</li><li>Answer every question before submitting.</li><li>The exam is designed as a comprehensive review of the six-week course.</li><li>Contact your instructor before starting if you need testing accommodations.</li></ul>
<button type=""button"" class=""quiz-start-button"">Start Final Exam</button>
</div>
<h3>Questions</h3>

          <section class=""quiz-question"">
            <h4>1. Which behavior best represents professional identity for a beginning practical nursing student?</h4>
            <ol type=""A"">
              <li>Accountability and readiness</li><li>Ignoring feedback</li><li>Arriving unprepared</li><li>Avoiding communication</li>
            </ol>
          </section>

          <section class=""quiz-question"">
            <h4>2. Which nursing leader is associated with sanitation, observation, and data-informed care?</h4>
            <ol type=""A"">
              <li>Florence Nightingale</li><li>Clara Barton</li><li>Lillian Wald</li><li>Mary Breckinridge</li>
            </ol>
          </section>

          <section class=""quiz-question"">
            <h4>3. What is the best response when a patient states a concern that may affect safety?</h4>
            <ol type=""A"">
              <li>Report the concern promptly</li><li>Wait until the next week</li><li>Keep it private</li><li>Tell another student only</li>
            </ol>
          </section>

          <section class=""quiz-question"">
            <h4>4. SBAR is used to:</h4>
            <ol type=""A"">
              <li>Organize communication</li><li>Replace charting</li><li>Order medication</li><li>Hide missing information</li>
            </ol>
          </section>

          <section class=""quiz-question"">
            <h4>5. Which action protects confidentiality?</h4>
            <ol type=""A"">
              <li>Discussing patient information only with authorized care team members</li><li>Posting de-identified stories online</li><li>Sharing details with friends</li><li>Leaving records open in public</li>
            </ol>
          </section>

          <section class=""quiz-question"">
            <h4>6. Documentation should be:</h4>
            <ol type=""A"">
              <li>Objective and timely</li><li>Based on guesses</li><li>Delayed until memory is unclear</li><li>Written only by classmates</li>
            </ol>
          </section>

          <section class=""quiz-question"">
            <h4>7. Which patient right is connected to autonomy?</h4>
            <ol type=""A"">
              <li>The right to make informed choices</li><li>The right to ignore all safety policies</li><li>The right to assign staff</li><li>The right to see other patients' records</li>
            </ol>
          </section>

          <section class=""quiz-question"">
            <h4>8. A student is asked to perform a task they have not been checked off to perform. What should the student do?</h4>
            <ol type=""A"">
              <li>Stop and ask the instructor or nurse before proceeding</li><li>Perform it quickly</li><li>Ask another student to do it</li><li>Guess from memory</li>
            </ol>
          </section>

          <section class=""quiz-question"">
            <h4>9. Which phrase best describes whole-person care?</h4>
            <ol type=""A"">
              <li>Care that considers physical, emotional, cultural, safety, and learning needs</li><li>Care focused only on the diagnosis</li><li>Care without communication</li><li>Care focused only on paperwork</li>
            </ol>
          </section>

          <section class=""quiz-question"">
            <h4>10. Which source helps define legal nursing practice?</h4>
            <ol type=""A"">
              <li>Nurse practice act and board rules</li><li>Social media</li><li>Classmate preference</li><li>A patient blog</li>
            </ol>
          </section>

          <section class=""quiz-question"">
            <h4>11. Professional boundaries help protect:</h4>
            <ol type=""A"">
              <li>The patient, student, nurse, and therapeutic relationship</li><li>Only the school budget</li><li>Only the instructor schedule</li><li>Only the gradebook</li>
            </ol>
          </section>

          <section class=""quiz-question"">
            <h4>12. Which action supports public trust in nursing?</h4>
            <ol type=""A"">
              <li>Competent, honest, respectful care</li><li>Sharing patient stories</li><li>Avoiding documentation</li><li>Ignoring safety concerns</li>
            </ol>
          </section>"
"Final Exam and Course Wrap-Up","Course Completion Reflection","<h2>Course Completion Reflection</h2>
<p>Write a short reflection describing three professional nursing habits you developed during this course and how you will carry them into the next nursing course.</p>"